<?xml version="1.0" encoding="UTF-8"?>

<!-- generated on 2025-12-26 03:33:06.757502 by Eclipse SUMO randomTrips.py v1_25_0+0000-ac6c5a6752d
<configuration>
    <net-file value="network/grid.net.xml"/>
    <output-trip-file value="routes/grid.rou.xml"/>
    <prefix value="veh"/>
    <end value="600.0"/>
    <period value="1.0"/>
</configuration>
-->

<!-- generated on 2025-12-26T03:33:06.680095+05:30 by Eclipse SUMO duarouter 1.25.0
<duarouterConfiguration xmlns:xsi="http://www.w3.org/2001/XMLSchema-instance" xsi:noNamespaceSchemaLocation="http://sumo.dlr.de/xsd/duarouterConfiguration.xsd">

    <input>
        <net-file value="network/grid.net.xml"/>
        <route-files value="routes/grid.rou.xml"/>
    </input>

    <output>
        <output-file value="routes.rou.xml"/>
        <alternatives-output value="NUL"/>
    </output>

    <time>
        <begin value="0.0"/>
        <end value="600.0"/>
    </time>

    <report>
        <no-warnings value="true"/>
        <ignore-errors value="true"/>
        <no-step-log value="true"/>
    </report>

</duarouterConfiguration>
-->

<routes xmlns:xsi="http://www.w3.org/2001/XMLSchema-instance" xsi:noNamespaceSchemaLocation="http://sumo.dlr.de/xsd/routes_file.xsd">
    <vehicle id="veh0" depart="0.00">
        <route edges="B2B1 B1B0 B0A0 A0A1"/>
    </vehicle>
    <vehicle id="veh1" depart="1.00">
        <route edges="A2B2 B2A2 A2A1"/>
    </vehicle>
    <vehicle id="veh2" depart="2.00">
        <route edges="C0B0 B0B1 B1B2 B2C2"/>
    </vehicle>
    <vehicle id="veh3" depart="3.00">
        <route edges="C1C2 C2B2 B2A2 A2A1 A1A0"/>
    </vehicle>
    <vehicle id="veh4" depart="4.00">
        <route edges="B1A1 A1B1 B1B0 B0A0 A0A1"/>
    </vehicle>
    <vehicle id="veh5" depart="5.00">
        <route edges="A2A1 A1B1 B1B2"/>
    </vehicle>
    <vehicle id="veh6" depart="6.00">
        <route edges="A0A1 A1B1"/>
    </vehicle>
    <vehicle id="veh7" depart="7.00">
        <route edges="B2B1 B1C1"/>
    </vehicle>
    <vehicle id="veh8" depart="8.00">
        <route edges="A2A1 A1B1 B1B2 B2A2"/>
    </vehicle>
    <vehicle id="veh9" depart="9.00">
        <route edges="C1B1 B1B0 B0A0 A0A1"/>
    </vehicle>
    <vehicle id="veh10" depart="10.00">
        <route edges="C1B1 B1B2 B2C2"/>
    </vehicle>
    <vehicle id="veh11" depart="11.00">
        <route edges="B0B1 B1A1 A1A2"/>
    </vehicle>
    <vehicle id="veh12" depart="12.00">
        <route edges="C2B2 B2B1 B1B0 B0B1"/>
    </vehicle>
    <vehicle id="veh13" depart="13.00">
        <route edges="A1A0"/>
    </vehicle>
    <vehicle id="veh14" depart="14.00">
        <route edges="C1C0 C0B0 B0B1 B1B2 B2A2"/>
    </vehicle>
    <vehicle id="veh15" depart="15.00">
        <route edges="C1B1 B1C1 C1C0 C0B0"/>
    </vehicle>
    <vehicle id="veh16" depart="16.00">
        <route edges="B1B2 B2C2 C2C1"/>
    </vehicle>
    <vehicle id="veh17" depart="17.00">
        <route edges="B0C0 C0C1 C1B1 B1C1"/>
    </vehicle>
    <vehicle id="veh18" depart="18.00">
        <route edges="C1B1 B1B2 B2A2"/>
    </vehicle>
    <vehicle id="veh19" depart="19.00">
        <route edges="C1C0 C0B0 B0B1 B1C1"/>
    </vehicle>
    <vehicle id="veh20" depart="20.00">
        <route edges="B2C2 C2C1 C1B1 B1A1 A1A0 A0B0"/>
    </vehicle>
    <vehicle id="veh21" depart="21.00">
        <route edges="A2A1 A1A2 A2B2"/>
    </vehicle>
    <vehicle id="veh22" depart="22.00">
        <route edges="A0B0 B0B1 B1B2 B2A2 A2A1"/>
    </vehicle>
    <vehicle id="veh23" depart="23.00">
        <route edges="A1A0 A0B0 B0B1 B1A1 A1A2 A2B2"/>
    </vehicle>
    <vehicle id="veh24" depart="24.00">
        <route edges="B2B1 B1B0 B0B1"/>
    </vehicle>
    <vehicle id="veh25" depart="25.00">
        <route edges="B0B1 B1B2 B2A2 A2A1"/>
    </vehicle>
    <vehicle id="veh26" depart="26.00">
        <route edges="A2B2 B2B1 B1C1 C1C2 C2B2"/>
    </vehicle>
    <vehicle id="veh27" depart="27.00">
        <route edges="B2B1 B1B2 B2A2"/>
    </vehicle>
    <vehicle id="veh28" depart="28.00">
        <route edges="A1B1 B1C1 C1C0 C0B0"/>
    </vehicle>
    <vehicle id="veh29" depart="29.00">
        <route edges="A1A2 A2B2 B2B1 B1B0 B0C0"/>
    </vehicle>
    <vehicle id="veh30" depart="30.00">
        <route edges="C2C1 C1B1 B1B2 B2B1"/>
    </vehicle>
    <vehicle id="veh31" depart="31.00">
        <route edges="B1C1 C1B1 B1B2 B2C2"/>
    </vehicle>
    <vehicle id="veh32" depart="32.00">
        <route edges="C1C0 C0B0 B0C0 C0C1"/>
    </vehicle>
    <vehicle id="veh33" depart="33.00">
        <route edges="A2A1 A1B1 B1B0 B0A0 A0A1"/>
    </vehicle>
    <vehicle id="veh34" depart="34.00">
        <route edges="B0A0 A0A1 A1A2 A2B2"/>
    </vehicle>
    <vehicle id="veh35" depart="35.00">
        <route edges="A2A1 A1B1 B1C1 C1C2 C2B2"/>
    </vehicle>
    <vehicle id="veh36" depart="36.00">
        <route edges="C1C2 C2B2 B2B1 B1B0 B0A0"/>
    </vehicle>
    <vehicle id="veh37" depart="37.00">
        <route edges="B2B1 B1B0 B0C0"/>
    </vehicle>
    <vehicle id="veh38" depart="38.00">
        <route edges="C1C2 C2B2 B2B1 B1B0"/>
    </vehicle>
    <vehicle id="veh39" depart="39.00">
        <route edges="A2B2 B2A2 A2A1"/>
    </vehicle>
    <vehicle id="veh40" depart="40.00">
        <route edges="B1C1 C1B1 B1A1 A1A2 A2B2"/>
    </vehicle>
    <vehicle id="veh41" depart="41.00">
        <route edges="B2A2 A2A1 A1B1 B1C1 C1C2"/>
    </vehicle>
    <vehicle id="veh42" depart="42.00">
        <route edges="B0C0 C0C1 C1C2 C2B2 B2A2 A2A1"/>
    </vehicle>
    <vehicle id="veh43" depart="43.00">
        <route edges="C2C1 C1B1 B1B2"/>
    </vehicle>
    <vehicle id="veh44" depart="44.00">
        <route edges="A1A0 A0B0"/>
    </vehicle>
    <vehicle id="veh45" depart="45.00">
        <route edges="A1A0 A0B0 B0B1 B1B2 B2B1"/>
    </vehicle>
    <vehicle id="veh46" depart="46.00">
        <route edges="C1B1 B1A1"/>
    </vehicle>
    <vehicle id="veh47" depart="47.00">
        <route edges="A0B0 B0C0"/>
    </vehicle>
    <vehicle id="veh48" depart="48.00">
        <route edges="C2C1 C1B1 B1B2"/>
    </vehicle>
    <vehicle id="veh49" depart="49.00">
        <route edges="C2C1 C1C0"/>
    </vehicle>
    <vehicle id="veh50" depart="50.00">
        <route edges="A0A1 A1B1 B1C1 C1C0 C0B0"/>
    </vehicle>
    <vehicle id="veh51" depart="51.00">
        <route edges="B2C2 C2C1 C1B1 B1B2"/>
    </vehicle>
    <vehicle id="veh52" depart="52.00">
        <route edges="A2B2 B2B1"/>
    </vehicle>
    <vehicle id="veh53" depart="53.00">
        <route edges="A1A0 A0B0 B0B1 B1A1"/>
    </vehicle>
    <vehicle id="veh54" depart="54.00">
        <route edges="B1A1 A1B1 B1C1 C1C2 C2B2"/>
    </vehicle>
    <vehicle id="veh55" depart="55.00">
        <route edges="C1C2 C2B2 B2B1 B1A1 A1A2 A2B2"/>
    </vehicle>
    <vehicle id="veh56" depart="56.00">
        <route edges="B1B2 B2A2 A2A1 A1B1"/>
    </vehicle>
    <vehicle id="veh57" depart="57.00">
        <route edges="C1C2 C2B2 B2B1 B1C1 C1C0"/>
    </vehicle>
    <vehicle id="veh58" depart="58.00">
        <route edges="B0A0 A0A1 A1A2 A2B2 B2B1"/>
    </vehicle>
    <vehicle id="veh59" depart="59.00">
        <route edges="B2A2 A2A1 A1A2"/>
    </vehicle>
    <vehicle id="veh60" depart="60.00">
        <route edges="C0C1 C1B1 B1B2"/>
    </vehicle>
    <vehicle id="veh61" depart="61.00">
        <route edges="C0C1 C1B1 B1B2"/>
    </vehicle>
    <vehicle id="veh62" depart="62.00">
        <route edges="A0A1 A1B1 B1B0 B0A0"/>
    </vehicle>
    <vehicle id="veh63" depart="63.00">
        <route edges="A0A1 A1B1 B1C1 C1C2 C2B2"/>
    </vehicle>
    <vehicle id="veh64" depart="64.00">
        <route edges="C1C2 C2B2 B2C2 C2C1 C1B1"/>
    </vehicle>
    <vehicle id="veh65" depart="65.00">
        <route edges="B0A0 A0A1 A1A0 A0B0"/>
    </vehicle>
    <vehicle id="veh66" depart="66.00">
        <route edges="C1C2 C2B2"/>
    </vehicle>
    <vehicle id="veh67" depart="67.00">
        <route edges="A1A0 A0B0 B0B1 B1B0"/>
    </vehicle>
    <vehicle id="veh68" depart="68.00">
        <route edges="A0B0 B0C0 C0C1"/>
    </vehicle>
    <vehicle id="veh69" depart="69.00">
        <route edges="C0C1 C1B1 B1A1 A1A2"/>
    </vehicle>
    <vehicle id="veh70" depart="70.00">
        <route edges="B1B0 B0B1 B1C1"/>
    </vehicle>
    <vehicle id="veh71" depart="71.00">
        <route edges="A2B2 B2C2 C2C1 C1C0"/>
    </vehicle>
    <vehicle id="veh72" depart="72.00">
        <route edges="B1A1 A1A2 A2B2 B2A2 A2A1"/>
    </vehicle>
    <vehicle id="veh73" depart="73.00">
        <route edges="B1B2 B2C2 C2C1 C1C0 C0B0"/>
    </vehicle>
    <vehicle id="veh74" depart="74.00">
        <route edges="A1B1 B1B0 B0A0"/>
    </vehicle>
    <vehicle id="veh75" depart="75.00">
        <route edges="C2C1 C1B1 B1B2 B2B1"/>
    </vehicle>
    <vehicle id="veh76" depart="76.00">
        <route edges="B1A1 A1B1 B1B2"/>
    </vehicle>
    <vehicle id="veh77" depart="77.00">
        <route edges="A1A0 A0B0 B0B1 B1B2 B2A2 A2A1"/>
    </vehicle>
    <vehicle id="veh78" depart="78.00">
        <route edges="B0B1 B1B2 B2A2"/>
    </vehicle>
    <vehicle id="veh79" depart="79.00">
        <route edges="A2A1"/>
    </vehicle>
    <vehicle id="veh80" depart="80.00">
        <route edges="A0B0 B0B1 B1B2 B2B1"/>
    </vehicle>
    <vehicle id="veh81" depart="81.00">
        <route edges="A2A1 A1B1 B1C1 C1C2"/>
    </vehicle>
    <vehicle id="veh82" depart="82.00">
        <route edges="C1C0 C0B0 B0B1 B1A1 A1A0 A0B0"/>
    </vehicle>
    <vehicle id="veh83" depart="83.00">
        <route edges="A2A1 A1B1 B1B2 B2C2"/>
    </vehicle>
    <vehicle id="veh84" depart="84.00">
        <route edges="A2A1 A1A2"/>
    </vehicle>
    <vehicle id="veh85" depart="85.00">
        <route edges="C2B2 B2B1 B1C1"/>
    </vehicle>
    <vehicle id="veh86" depart="86.00">
        <route edges="B1B0 B0C0 C0C1"/>
    </vehicle>
    <vehicle id="veh87" depart="87.00">
        <route edges="C1B1 B1A1 A1B1"/>
    </vehicle>
    <vehicle id="veh88" depart="88.00">
        <route edges="A1A0 A0B0 B0B1 B1A1"/>
    </vehicle>
    <vehicle id="veh89" depart="89.00">
        <route edges="B1A1 A1B1 B1B0"/>
    </vehicle>
    <vehicle id="veh90" depart="90.00">
        <route edges="C0B0 B0B1 B1B2 B2C2"/>
    </vehicle>
    <vehicle id="veh91" depart="91.00">
        <route edges="C2C1 C1B1 B1A1 A1A0"/>
    </vehicle>
    <vehicle id="veh92" depart="92.00">
        <route edges="B0C0 C0C1 C1C0 C0B0 B0B1"/>
    </vehicle>
    <vehicle id="veh93" depart="93.00">
        <route edges="C1C0 C0B0 B0B1 B1B2 B2A2 A2A1"/>
    </vehicle>
    <vehicle id="veh94" depart="94.00">
        <route edges="A1B1 B1A1"/>
    </vehicle>
    <vehicle id="veh95" depart="95.00">
        <route edges="B1A1 A1A2 A2B2"/>
    </vehicle>
    <vehicle id="veh96" depart="96.00">
        <route edges="A2A1 A1B1 B1C1 C1C2 C2B2"/>
    </vehicle>
    <vehicle id="veh97" depart="97.00">
        <route edges="B1A1 A1B1 B1C1 C1C0"/>
    </vehicle>
    <vehicle id="veh98" depart="98.00">
        <route edges="B1C1 C1B1 B1A1 A1A0 A0B0"/>
    </vehicle>
    <vehicle id="veh99" depart="99.00">
        <route edges="C2C1 C1C0"/>
    </vehicle>
    <vehicle id="veh100" depart="100.00">
        <route edges="C2C1 C1C2 C2B2"/>
    </vehicle>
    <vehicle id="veh101" depart="101.00">
        <route edges="C1C0 C0B0 B0A0 A0A1 A1A2"/>
    </vehicle>
    <vehicle id="veh102" depart="102.00">
        <route edges="B1B0 B0B1 B1B2 B2A2 A2A1"/>
    </vehicle>
    <vehicle id="veh103" depart="103.00">
        <route edges="B0C0 C0C1 C1B1 B1A1 A1A0 A0B0"/>
    </vehicle>
    <vehicle id="veh104" depart="104.00">
        <route edges="B0C0 C0C1 C1B1 B1B2 B2C2 C2C1"/>
    </vehicle>
    <vehicle id="veh105" depart="105.00">
        <route edges="A2B2 B2B1 B1B0 B0C0 C0C1"/>
    </vehicle>
    <vehicle id="veh106" depart="106.00">
        <route edges="B1A1"/>
    </vehicle>
    <vehicle id="veh107" depart="107.00">
        <route edges="C2B2 B2C2 C2C1"/>
    </vehicle>
    <vehicle id="veh108" depart="108.00">
        <route edges="B1C1 C1C0 C0B0"/>
    </vehicle>
    <vehicle id="veh109" depart="109.00">
        <route edges="A1A2 A2B2 B2B1 B1B0 B0A0"/>
    </vehicle>
    <vehicle id="veh110" depart="110.00">
        <route edges="C2C1 C1B1 B1C1"/>
    </vehicle>
    <vehicle id="veh111" depart="111.00">
        <route edges="B1C1 C1C0 C0B0"/>
    </vehicle>
    <vehicle id="veh112" depart="112.00">
        <route edges="A0B0 B0B1 B1B2 B2A2"/>
    </vehicle>
    <vehicle id="veh113" depart="113.00">
        <route edges="B1B2 B2C2 C2C1 C1C0"/>
    </vehicle>
    <vehicle id="veh114" depart="114.00">
        <route edges="A1A2 A2B2 B2C2 C2C1"/>
    </vehicle>
    <vehicle id="veh115" depart="115.00">
        <route edges="A0B0 B0A0 A0A1 A1B1"/>
    </vehicle>
    <vehicle id="veh116" depart="116.00">
        <route edges="B2A2 A2A1 A1B1 B1B2 B2C2"/>
    </vehicle>
    <vehicle id="veh117" depart="117.00">
        <route edges="A2A1 A1A0"/>
    </vehicle>
    <vehicle id="veh118" depart="118.00">
        <route edges="C1C2 C2B2 B2A2 A2A1"/>
    </vehicle>
    <vehicle id="veh119" depart="119.00">
        <route edges="B2A2"/>
    </vehicle>
    <vehicle id="veh120" depart="120.00">
        <route edges="B1A1 A1A2 A2B2 B2A2"/>
    </vehicle>
    <vehicle id="veh121" depart="121.00">
        <route edges="B1B2 B2C2 C2C1 C1C2 C2B2"/>
    </vehicle>
    <vehicle id="veh122" depart="122.00">
        <route edges="A1B1 B1C1 C1C0 C0B0"/>
    </vehicle>
    <vehicle id="veh123" depart="123.00">
        <route edges="A2A1 A1A0 A0B0 B0C0"/>
    </vehicle>
    <vehicle id="veh124" depart="124.00">
        <route edges="B2C2 C2C1 C1C0 C0B0 B0A0"/>
    </vehicle>
    <vehicle id="veh125" depart="125.00">
        <route edges="B0A0 A0A1 A1B1 B1B0 B0C0 C0C1"/>
    </vehicle>
    <vehicle id="veh126" depart="126.00">
        <route edges="A0B0 B0B1 B1A1"/>
    </vehicle>
    <vehicle id="veh127" depart="127.00">
        <route edges="C2C1"/>
    </vehicle>
    <vehicle id="veh128" depart="128.00">
        <route edges="A0B0 B0B1 B1B2 B2A2 A2A1"/>
    </vehicle>
    <vehicle id="veh129" depart="129.00">
        <route edges="A2B2 B2B1 B1C1 C1C2 C2B2"/>
    </vehicle>
    <vehicle id="veh130" depart="130.00">
        <route edges="C1C2"/>
    </vehicle>
    <vehicle id="veh131" depart="131.00">
        <route edges="B0B1 B1A1 A1A2"/>
    </vehicle>
    <vehicle id="veh132" depart="132.00">
        <route edges="C1C0 C0B0 B0B1 B1B2 B2C2"/>
    </vehicle>
    <vehicle id="veh133" depart="133.00">
        <route edges="B2A2 A2A1 A1B1 B1B2 B2C2 C2C1"/>
    </vehicle>
    <vehicle id="veh134" depart="134.00">
        <route edges="B2B1 B1B0 B0A0 A0A1"/>
    </vehicle>
    <vehicle id="veh135" depart="135.00">
        <route edges="C1B1 B1B0 B0A0"/>
    </vehicle>
    <vehicle id="veh136" depart="136.00">
        <route edges="B2B1 B1C1 C1C2 C2B2"/>
    </vehicle>
    <vehicle id="veh137" depart="137.00">
        <route edges="A1A2 A2B2 B2B1 B1A1 A1A0"/>
    </vehicle>
    <vehicle id="veh138" depart="138.00">
        <route edges="A1A0 A0B0 B0B1 B1C1"/>
    </vehicle>
    <vehicle id="veh139" depart="139.00">
        <route edges="A2B2 B2A2"/>
    </vehicle>
    <vehicle id="veh140" depart="140.00">
        <route edges="C0B0 B0A0 A0A1 A1B1"/>
    </vehicle>
    <vehicle id="veh141" depart="141.00">
        <route edges="B2B1 B1A1 A1A2 A2B2"/>
    </vehicle>
    <vehicle id="veh142" depart="142.00">
        <route edges="B1B0 B0C0 C0C1 C1C2"/>
    </vehicle>
    <vehicle id="veh143" depart="143.00">
        <route edges="C1C0 C0B0 B0B1 B1A1 A1A0"/>
    </vehicle>
    <vehicle id="veh144" depart="144.00">
        <route edges="B1A1 A1A2 A2B2"/>
    </vehicle>
    <vehicle id="veh145" depart="145.00">
        <route edges="A0A1 A1B1 B1B0 B0C0 C0C1"/>
    </vehicle>
    <vehicle id="veh146" depart="146.00">
        <route edges="B2B1 B1A1 A1A2 A2B2"/>
    </vehicle>
    <vehicle id="veh147" depart="147.00">
        <route edges="C0B0 B0B1 B1C1"/>
    </vehicle>
    <vehicle id="veh148" depart="148.00">
        <route edges="B1A1 A1B1 B1B0 B0A0 A0A1"/>
    </vehicle>
    <vehicle id="veh149" depart="149.00">
        <route edges="A0B0 B0C0 C0C1 C1C2"/>
    </vehicle>
    <vehicle id="veh150" depart="150.00">
        <route edges="C1C2 C2B2 B2B1 B1C1"/>
    </vehicle>
    <vehicle id="veh151" depart="151.00">
        <route edges="C1C0 C0B0 B0B1 B1C1"/>
    </vehicle>
    <vehicle id="veh152" depart="152.00">
        <route edges="A1A2"/>
    </vehicle>
    <vehicle id="veh153" depart="153.00">
        <route edges="B0A0 A0A1 A1B1 B1C1 C1C2"/>
    </vehicle>
    <vehicle id="veh154" depart="154.00">
        <route edges="C1B1 B1C1 C1C0"/>
    </vehicle>
    <vehicle id="veh155" depart="155.00">
        <route edges="C1C2 C2B2 B2A2 A2A1"/>
    </vehicle>
    <vehicle id="veh156" depart="156.00">
        <route edges="A2A1 A1A0"/>
    </vehicle>
    <vehicle id="veh157" depart="157.00">
        <route edges="C0C1 C1C2"/>
    </vehicle>
    <vehicle id="veh158" depart="158.00">
        <route edges="B0C0 C0C1 C1C2 C2B2 B2A2"/>
    </vehicle>
    <vehicle id="veh159" depart="159.00">
        <route edges="A1A2 A2B2 B2B1 B1C1 C1C2 C2B2"/>
    </vehicle>
    <vehicle id="veh160" depart="160.00">
        <route edges="C1C0 C0B0 B0B1 B1B2 B2C2 C2C1"/>
    </vehicle>
    <vehicle id="veh161" depart="161.00">
        <route edges="C1B1 B1C1 C1C2"/>
    </vehicle>
    <vehicle id="veh162" depart="162.00">
        <route edges="A0A1 A1B1 B1C1 C1C0 C0B0"/>
    </vehicle>
    <vehicle id="veh163" depart="163.00">
        <route edges="B0A0 A0A1 A1B1 B1C1 C1C2 C2B2"/>
    </vehicle>
    <vehicle id="veh164" depart="164.00">
        <route edges="C1B1 B1C1 C1C0"/>
    </vehicle>
    <vehicle id="veh165" depart="165.00">
        <route edges="C1B1 B1A1 A1A2 A2B2"/>
    </vehicle>
    <vehicle id="veh166" depart="166.00">
        <route edges="C0C1 C1B1 B1A1 A1A0"/>
    </vehicle>
    <vehicle id="veh167" depart="167.00">
        <route edges="C1C0"/>
    </vehicle>
    <vehicle id="veh168" depart="168.00">
        <route edges="A2A1 A1B1 B1C1 C1B1"/>
    </vehicle>
    <vehicle id="veh169" depart="169.00">
        <route edges="B1B0 B0A0"/>
    </vehicle>
    <vehicle id="veh170" depart="170.00">
        <route edges="C1B1 B1B2 B2A2 A2A1"/>
    </vehicle>
    <vehicle id="veh171" depart="171.00">
        <route edges="A0A1 A1B1"/>
    </vehicle>
    <vehicle id="veh172" depart="172.00">
        <route edges="B0A0 A0A1 A1B1 B1C1 C1C0"/>
    </vehicle>
    <vehicle id="veh173" depart="173.00">
        <route edges="C2C1 C1B1 B1A1 A1A2 A2B2"/>
    </vehicle>
    <vehicle id="veh174" depart="174.00">
        <route edges="B2B1 B1B0 B0C0"/>
    </vehicle>
    <vehicle id="veh175" depart="175.00">
        <route edges="C2C1 C1B1 B1B2"/>
    </vehicle>
    <vehicle id="veh176" depart="176.00">
        <route edges="C2B2 B2A2 A2A1 A1A0"/>
    </vehicle>
    <vehicle id="veh177" depart="177.00">
        <route edges="C2C1 C1B1 B1A1 A1B1"/>
    </vehicle>
    <vehicle id="veh178" depart="178.00">
        <route edges="C2C1 C1B1 B1A1 A1A2 A2B2"/>
    </vehicle>
    <vehicle id="veh179" depart="179.00">
        <route edges="A1A0 A0B0 B0B1 B1A1"/>
    </vehicle>
    <vehicle id="veh180" depart="180.00">
        <route edges="C0B0 B0A0"/>
    </vehicle>
    <vehicle id="veh181" depart="181.00">
        <route edges="B2A2 A2A1 A1B1 B1B2"/>
    </vehicle>
    <vehicle id="veh182" depart="182.00">
        <route edges="B0C0 C0C1 C1B1 B1C1"/>
    </vehicle>
    <vehicle id="veh183" depart="183.00">
        <route edges="A2B2 B2C2 C2C1 C1C0 C0B0"/>
    </vehicle>
    <vehicle id="veh184" depart="184.00">
        <route edges="A0A1 A1B1 B1C1 C1C2 C2B2"/>
    </vehicle>
    <vehicle id="veh185" depart="185.00">
        <route edges="B1B2 B2C2 C2C1 C1C0 C0B0"/>
    </vehicle>
    <vehicle id="veh186" depart="186.00">
        <route edges="C0B0 B0B1 B1B2 B2C2"/>
    </vehicle>
    <vehicle id="veh187" depart="187.00">
        <route edges="B0B1 B1A1 A1A0 A0B0"/>
    </vehicle>
    <vehicle id="veh188" depart="188.00">
        <route edges="B2B1 B1B0 B0A0"/>
    </vehicle>
    <vehicle id="veh189" depart="189.00">
        <route edges="B0A0 A0A1 A1B1 B1C1 C1C0"/>
    </vehicle>
    <vehicle id="veh190" depart="190.00">
        <route edges="C0B0 B0A0"/>
    </vehicle>
    <vehicle id="veh191" depart="191.00">
        <route edges="B0A0 A0A1 A1B1 B1B0 B0C0"/>
    </vehicle>
    <vehicle id="veh192" depart="192.00">
        <route edges="B0C0 C0C1 C1B1 B1B0 B0A0"/>
    </vehicle>
    <vehicle id="veh193" depart="193.00">
        <route edges="A1A2 A2B2 B2B1 B1A1"/>
    </vehicle>
    <vehicle id="veh194" depart="194.00">
        <route edges="C2B2 B2C2"/>
    </vehicle>
    <vehicle id="veh195" depart="195.00">
        <route edges="C1C2 C2B2 B2A2"/>
    </vehicle>
    <vehicle id="veh196" depart="196.00">
        <route edges="B0A0 A0A1 A1B1 B1C1"/>
    </vehicle>
    <vehicle id="veh197" depart="197.00">
        <route edges="A0A1 A1A2 A2B2"/>
    </vehicle>
    <vehicle id="veh198" depart="198.00">
        <route edges="B1A1 A1B1 B1C1"/>
    </vehicle>
    <vehicle id="veh199" depart="199.00">
        <route edges="B2B1 B1B0"/>
    </vehicle>
    <vehicle id="veh200" depart="200.00">
        <route edges="B1A1 A1A2 A2B2 B2A2 A2A1"/>
    </vehicle>
    <vehicle id="veh201" depart="201.00">
        <route edges="B1B0 B0C0 C0C1 C1C2"/>
    </vehicle>
    <vehicle id="veh202" depart="202.00">
        <route edges="C1B1 B1A1 A1B1"/>
    </vehicle>
    <vehicle id="veh203" depart="203.00">
        <route edges="A1A0 A0B0 B0B1 B1B2"/>
    </vehicle>
    <vehicle id="veh204" depart="204.00">
        <route edges="B2B1 B1B0 B0B1"/>
    </vehicle>
    <vehicle id="veh205" depart="205.00">
        <route edges="C1B1 B1B0 B0C0 C0C1"/>
    </vehicle>
    <vehicle id="veh206" depart="206.00">
        <route edges="B2C2 C2C1 C1B1 B1B2 B2A2 A2A1"/>
    </vehicle>
    <vehicle id="veh207" depart="207.00">
        <route edges="A1B1 B1B0 B0A0 A0A1"/>
    </vehicle>
    <vehicle id="veh208" depart="208.00">
        <route edges="A2A1 A1B1 B1B0"/>
    </vehicle>
    <vehicle id="veh209" depart="209.00">
        <route edges="C1C0 C0B0 B0B1 B1A1 A1A0 A0B0"/>
    </vehicle>
    <vehicle id="veh210" depart="210.00">
        <route edges="B0C0 C0C1 C1C2 C2B2 B2B1"/>
    </vehicle>
    <vehicle id="veh211" depart="211.00">
        <route edges="A1B1 B1B2 B2C2"/>
    </vehicle>
    <vehicle id="veh212" depart="212.00">
        <route edges="B1B0 B0B1 B1B2 B2A2 A2A1"/>
    </vehicle>
    <vehicle id="veh213" depart="213.00">
        <route edges="B2B1 B1B0 B0A0 A0A1"/>
    </vehicle>
    <vehicle id="veh214" depart="214.00">
        <route edges="C0C1"/>
    </vehicle>
    <vehicle id="veh215" depart="215.00">
        <route edges="A1A0 A0B0 B0B1 B1A1"/>
    </vehicle>
    <vehicle id="veh216" depart="216.00">
        <route edges="A1B1 B1C1 C1C2 C2B2"/>
    </vehicle>
    <vehicle id="veh217" depart="217.00">
        <route edges="B1B2 B2A2 A2A1 A1A0 A0B0"/>
    </vehicle>
    <vehicle id="veh218" depart="218.00">
        <route edges="A2A1 A1B1 B1C1 C1C0"/>
    </vehicle>
    <vehicle id="veh219" depart="219.00">
        <route edges="B1A1 A1B1 B1C1 C1B1"/>
    </vehicle>
    <vehicle id="veh220" depart="220.00">
        <route edges="B2C2 C2C1"/>
    </vehicle>
    <vehicle id="veh221" depart="221.00">
        <route edges="B2A2 A2A1 A1B1 B1C1 C1C2 C2B2"/>
    </vehicle>
    <vehicle id="veh222" depart="222.00">
        <route edges="C1C2 C2B2 B2A2"/>
    </vehicle>
    <vehicle id="veh223" depart="223.00">
        <route edges="C0B0 B0B1 B1B2"/>
    </vehicle>
    <vehicle id="veh224" depart="224.00">
        <route edges="C1B1 B1C1"/>
    </vehicle>
    <vehicle id="veh225" depart="225.00">
        <route edges="C1C2 C2B2 B2B1 B1C1 C1C0 C0B0"/>
    </vehicle>
    <vehicle id="veh226" depart="226.00">
        <route edges="B1B0 B0A0 A0A1 A1A2 A2B2"/>
    </vehicle>
    <vehicle id="veh227" depart="227.00">
        <route edges="A2A1 A1A2 A2B2 B2B1"/>
    </vehicle>
    <vehicle id="veh228" depart="228.00">
        <route edges="C0C1 C1B1 B1B2"/>
    </vehicle>
    <vehicle id="veh229" depart="229.00">
        <route edges="B2B1 B1A1 A1A2 A2B2"/>
    </vehicle>
    <vehicle id="veh230" depart="230.00">
        <route edges="A0B0 B0B1 B1A1 A1A2 A2B2"/>
    </vehicle>
    <vehicle id="veh231" depart="231.00">
        <route edges="A2B2 B2B1 B1B0 B0A0"/>
    </vehicle>
    <vehicle id="veh232" depart="232.00">
        <route edges="B1B2 B2B1 B1A1 A1A2"/>
    </vehicle>
    <vehicle id="veh233" depart="233.00">
        <route edges="A2A1 A1B1 B1B2 B2C2"/>
    </vehicle>
    <vehicle id="veh234" depart="234.00">
        <route edges="B2C2 C2C1 C1B1 B1A1 A1A0 A0B0"/>
    </vehicle>
    <vehicle id="veh235" depart="235.00">
        <route edges="B0C0 C0C1 C1B1 B1C1"/>
    </vehicle>
    <vehicle id="veh236" depart="236.00">
        <route edges="B0C0 C0C1 C1B1 B1A1 A1B1"/>
    </vehicle>
    <vehicle id="veh237" depart="237.00">
        <route edges="B1A1 A1B1 B1C1 C1C2"/>
    </vehicle>
    <vehicle id="veh238" depart="238.00">
        <route edges="B2A2 A2A1 A1B1 B1B2 B2C2"/>
    </vehicle>
    <vehicle id="veh239" depart="239.00">
        <route edges="C1C0 C0B0 B0C0 C0C1"/>
    </vehicle>
    <vehicle id="veh240" depart="240.00">
        <route edges="B0C0 C0C1 C1B1 B1B0 B0A0 A0A1"/>
    </vehicle>
    <vehicle id="veh241" depart="241.00">
        <route edges="B0B1 B1B0 B0C0 C0C1"/>
    </vehicle>
    <vehicle id="veh242" depart="242.00">
        <route edges="C1C0 C0B0 B0B1 B1C1 C1C2 C2B2"/>
    </vehicle>
    <vehicle id="veh243" depart="243.00">
        <route edges="B1A1 A1B1 B1C1 C1C0 C0B0"/>
    </vehicle>
    <vehicle id="veh244" depart="244.00">
        <route edges="B1C1 C1C2 C2B2 B2A2"/>
    </vehicle>
    <vehicle id="veh245" depart="245.00">
        <route edges="A2A1"/>
    </vehicle>
    <vehicle id="veh246" depart="246.00">
        <route edges="B1A1 A1B1 B1B0 B0A0 A0A1"/>
    </vehicle>
    <vehicle id="veh247" depart="247.00">
        <route edges="B0B1 B1B2 B2C2"/>
    </vehicle>
    <vehicle id="veh248" depart="248.00">
        <route edges="B0C0 C0C1 C1B1 B1A1 A1A2"/>
    </vehicle>
    <vehicle id="veh249" depart="249.00">
        <route edges="B1B0 B0A0 A0A1 A1A2"/>
    </vehicle>
    <vehicle id="veh250" depart="250.00">
        <route edges="B2A2 A2A1 A1B1 B1B0 B0A0 A0A1"/>
    </vehicle>
    <vehicle id="veh251" depart="251.00">
        <route edges="B0C0 C0C1 C1B1 B1C1"/>
    </vehicle>
    <vehicle id="veh252" depart="252.00">
        <route edges="A0A1 A1A2 A2B2 B2B1"/>
    </vehicle>
    <vehicle id="veh253" depart="253.00">
        <route edges="A1A2 A2B2 B2B1 B1B0"/>
    </vehicle>
    <vehicle id="veh254" depart="254.00">
        <route edges="A0B0 B0C0"/>
    </vehicle>
    <vehicle id="veh255" depart="255.00">
        <route edges="A2A1 A1B1 B1B0 B0A0"/>
    </vehicle>
    <vehicle id="veh256" depart="256.00">
        <route edges="C0C1 C1B1 B1B0 B0C0"/>
    </vehicle>
    <vehicle id="veh257" depart="257.00">
        <route edges="C0C1 C1B1"/>
    </vehicle>
    <vehicle id="veh258" depart="258.00">
        <route edges="A2B2 B2B1 B1A1 A1A0 A0B0"/>
    </vehicle>
    <vehicle id="veh259" depart="259.00">
        <route edges="A0A1 A1B1 B1B2"/>
    </vehicle>
    <vehicle id="veh260" depart="260.00">
        <route edges="C2C1 C1C0 C0B0 B0B1"/>
    </vehicle>
    <vehicle id="veh261" depart="261.00">
        <route edges="B2B1 B1B0 B0C0 C0C1"/>
    </vehicle>
    <vehicle id="veh262" depart="262.00">
        <route edges="B2B1 B1B0 B0C0 C0C1"/>
    </vehicle>
    <vehicle id="veh263" depart="263.00">
        <route edges="C2B2 B2A2 A2A1 A1B1"/>
    </vehicle>
    <vehicle id="veh264" depart="264.00">
        <route edges="A0A1 A1A2"/>
    </vehicle>
    <vehicle id="veh265" depart="265.00">
        <route edges="A1A2 A2B2 B2C2"/>
    </vehicle>
    <vehicle id="veh266" depart="266.00">
        <route edges="B1C1 C1C2 C2B2 B2A2 A2A1"/>
    </vehicle>
    <vehicle id="veh267" depart="267.00">
        <route edges="B2C2 C2C1 C1B1 B1B0 B0C0 C0C1"/>
    </vehicle>
    <vehicle id="veh268" depart="268.00">
        <route edges="A1B1 B1B2 B2A2"/>
    </vehicle>
    <vehicle id="veh269" depart="269.00">
        <route edges="C0B0 B0B1 B1A1 A1A0"/>
    </vehicle>
    <vehicle id="veh270" depart="270.00">
        <route edges="C1B1 B1B2 B2C2 C2C1"/>
    </vehicle>
    <vehicle id="veh271" depart="271.00">
        <route edges="A1A0 A0B0 B0A0 A0A1"/>
    </vehicle>
    <vehicle id="veh272" depart="272.00">
        <route edges="B0A0 A0A1 A1A2 A2B2 B2C2"/>
    </vehicle>
    <vehicle id="veh273" depart="273.00">
        <route edges="C2B2 B2B1 B1B0 B0C0"/>
    </vehicle>
    <vehicle id="veh274" depart="274.00">
        <route edges="C0B0 B0B1 B1A1 A1A0 A0B0"/>
    </vehicle>
    <vehicle id="veh275" depart="275.00">
        <route edges="B2C2 C2C1 C1B1 B1B2 B2B1"/>
    </vehicle>
    <vehicle id="veh276" depart="276.00">
        <route edges="A1A0 A0B0 B0C0 C0C1"/>
    </vehicle>
    <vehicle id="veh277" depart="277.00">
        <route edges="C1C0 C0B0 B0B1 B1B2 B2A2"/>
    </vehicle>
    <vehicle id="veh278" depart="278.00">
        <route edges="A1A0 A0B0 B0B1 B1B2 B2C2 C2C1"/>
    </vehicle>
    <vehicle id="veh279" depart="279.00">
        <route edges="C0C1 C1C0 C0B0 B0B1"/>
    </vehicle>
    <vehicle id="veh280" depart="280.00">
        <route edges="B1A1 A1A0 A0B0 B0B1"/>
    </vehicle>
    <vehicle id="veh281" depart="281.00">
        <route edges="B1B2 B2B1 B1B0 B0B1"/>
    </vehicle>
    <vehicle id="veh282" depart="282.00">
        <route edges="C1C0 C0B0 B0B1 B1C1 C1B1"/>
    </vehicle>
    <vehicle id="veh283" depart="283.00">
        <route edges="A1A0 A0B0 B0B1 B1B2 B2C2 C2C1"/>
    </vehicle>
    <vehicle id="veh284" depart="284.00">
        <route edges="B2B1 B1C1 C1B1"/>
    </vehicle>
    <vehicle id="veh285" depart="285.00">
        <route edges="B2C2 C2C1 C1B1 B1A1"/>
    </vehicle>
    <vehicle id="veh286" depart="286.00">
        <route edges="C0B0 B0B1 B1B2 B2C2 C2C1"/>
    </vehicle>
    <vehicle id="veh287" depart="287.00">
        <route edges="A2B2 B2C2 C2C1 C1B1"/>
    </vehicle>
    <vehicle id="veh288" depart="288.00">
        <route edges="B1B2 B2B1 B1B0"/>
    </vehicle>
    <vehicle id="veh289" depart="289.00">
        <route edges="B1A1 A1B1 B1C1 C1C0 C0B0"/>
    </vehicle>
    <vehicle id="veh290" depart="290.00">
        <route edges="A2B2 B2C2 C2C1 C1C0"/>
    </vehicle>
    <vehicle id="veh291" depart="291.00">
        <route edges="C1B1 B1A1 A1A0"/>
    </vehicle>
    <vehicle id="veh292" depart="292.00">
        <route edges="C1C2 C2B2 B2A2 A2A1"/>
    </vehicle>
    <vehicle id="veh293" depart="293.00">
        <route edges="B1B0 B0B1 B1B2 B2A2"/>
    </vehicle>
    <vehicle id="veh294" depart="294.00">
        <route edges="B0C0 C0C1 C1B1 B1B0 B0A0 A0A1"/>
    </vehicle>
    <vehicle id="veh295" depart="295.00">
        <route edges="C1C0 C0B0 B0A0 A0A1 A1B1"/>
    </vehicle>
    <vehicle id="veh296" depart="296.00">
        <route edges="A2A1 A1B1 B1C1 C1B1"/>
    </vehicle>
    <vehicle id="veh297" depart="297.00">
        <route edges="B0B1 B1C1 C1C2"/>
    </vehicle>
    <vehicle id="veh298" depart="298.00">
        <route edges="B2C2 C2C1 C1B1 B1A1 A1A2 A2B2"/>
    </vehicle>
    <vehicle id="veh299" depart="299.00">
        <route edges="A0A1 A1B1 B1C1 C1C2 C2B2"/>
    </vehicle>
    <vehicle id="veh300" depart="300.00">
        <route edges="A1A0 A0B0 B0B1 B1C1 C1C0 C0B0"/>
    </vehicle>
    <vehicle id="veh301" depart="301.00">
        <route edges="B1B0 B0C0 C0C1"/>
    </vehicle>
    <vehicle id="veh302" depart="302.00">
        <route edges="B2C2 C2C1 C1B1 B1B2 B2B1"/>
    </vehicle>
    <vehicle id="veh303" depart="303.00">
        <route edges="B1B0 B0C0 C0C1 C1B1"/>
    </vehicle>
    <vehicle id="veh304" depart="304.00">
        <route edges="A1A0 A0B0 B0B1 B1B2 B2A2 A2A1"/>
    </vehicle>
    <vehicle id="veh305" depart="305.00">
        <route edges="B2C2 C2C1 C1C0 C0B0 B0A0"/>
    </vehicle>
    <vehicle id="veh306" depart="306.00">
        <route edges="B1C1 C1B1 B1B0"/>
    </vehicle>
    <vehicle id="veh307" depart="307.00">
        <route edges="B1B2 B2B1 B1A1"/>
    </vehicle>
    <vehicle id="veh308" depart="308.00">
        <route edges="C0B0 B0A0"/>
    </vehicle>
    <vehicle id="veh309" depart="309.00">
        <route edges="B2C2 C2C1 C1B1 B1A1 A1A2 A2B2"/>
    </vehicle>
    <vehicle id="veh310" depart="310.00">
        <route edges="A2B2 B2B1 B1A1 A1A0"/>
    </vehicle>
    <vehicle id="veh311" depart="311.00">
        <route edges="A1B1 B1A1 A1A0"/>
    </vehicle>
    <vehicle id="veh312" depart="312.00">
        <route edges="B1B2 B2B1 B1B0 B0C0 C0C1"/>
    </vehicle>
    <vehicle id="veh313" depart="313.00">
        <route edges="A1B1 B1B2 B2A2 A2A1"/>
    </vehicle>
    <vehicle id="veh314" depart="314.00">
        <route edges="B1B0 B0B1 B1C1 C1C0 C0B0"/>
    </vehicle>
    <vehicle id="veh315" depart="315.00">
        <route edges="C2C1 C1B1 B1B2"/>
    </vehicle>
    <vehicle id="veh316" depart="316.00">
        <route edges="A2B2 B2B1 B1A1 A1A0"/>
    </vehicle>
    <vehicle id="veh317" depart="317.00">
        <route edges="A1B1 B1B2 B2A2 A2A1"/>
    </vehicle>
    <vehicle id="veh318" depart="318.00">
        <route edges="A1B1 B1B0 B0A0 A0A1"/>
    </vehicle>
    <vehicle id="veh319" depart="319.00">
        <route edges="B1B2 B2B1 B1A1 A1A2 A2B2"/>
    </vehicle>
    <vehicle id="veh320" depart="320.00">
        <route edges="C2C1 C1B1 B1C1"/>
    </vehicle>
    <vehicle id="veh321" depart="321.00">
        <route edges="B2C2 C2C1 C1B1 B1A1 A1A2"/>
    </vehicle>
    <vehicle id="veh322" depart="322.00">
        <route edges="C1C0 C0B0 B0B1 B1B0"/>
    </vehicle>
    <vehicle id="veh323" depart="323.00">
        <route edges="C1C0 C0B0 B0B1 B1C1"/>
    </vehicle>
    <vehicle id="veh324" depart="324.00">
        <route edges="B1B0 B0B1 B1A1"/>
    </vehicle>
    <vehicle id="veh325" depart="325.00">
        <route edges="A1B1 B1A1 A1A0 A0B0"/>
    </vehicle>
    <vehicle id="veh326" depart="326.00">
        <route edges="C2B2 B2B1 B1B0"/>
    </vehicle>
    <vehicle id="veh327" depart="327.00">
        <route edges="C1B1 B1B0 B0C0"/>
    </vehicle>
    <vehicle id="veh328" depart="328.00">
        <route edges="A0B0 B0B1 B1B2 B2B1"/>
    </vehicle>
    <vehicle id="veh329" depart="329.00">
        <route edges="A0B0 B0B1 B1A1 A1A2"/>
    </vehicle>
    <vehicle id="veh330" depart="330.00">
        <route edges="B1C1 C1C0 C0B0 B0A0"/>
    </vehicle>
    <vehicle id="veh331" depart="331.00">
        <route edges="C2C1 C1B1 B1A1 A1A0"/>
    </vehicle>
    <vehicle id="veh332" depart="332.00">
        <route edges="C0C1 C1C2 C2B2 B2A2"/>
    </vehicle>
    <vehicle id="veh333" depart="333.00">
        <route edges="C0C1 C1C2 C2B2 B2A2 A2A1"/>
    </vehicle>
    <vehicle id="veh334" depart="334.00">
        <route edges="B1B2 B2B1 B1A1"/>
    </vehicle>
    <vehicle id="veh335" depart="335.00">
        <route edges="B1A1 A1B1 B1C1 C1C0"/>
    </vehicle>
    <vehicle id="veh336" depart="336.00">
        <route edges="C2C1 C1C0 C0B0 B0A0"/>
    </vehicle>
    <vehicle id="veh337" depart="337.00">
        <route edges="B2A2"/>
    </vehicle>
    <vehicle id="veh338" depart="338.00">
        <route edges="C0B0 B0B1 B1C1 C1C2 C2B2"/>
    </vehicle>
    <vehicle id="veh339" depart="339.00">
        <route edges="A1B1 B1B2 B2A2 A2A1"/>
    </vehicle>
    <vehicle id="veh340" depart="340.00">
        <route edges="B2B1 B1A1 A1A2"/>
    </vehicle>
    <vehicle id="veh341" depart="341.00">
        <route edges="A1B1 B1A1 A1A0 A0B0"/>
    </vehicle>
    <vehicle id="veh342" depart="342.00">
        <route edges="A0A1 A1B1 B1A1"/>
    </vehicle>
    <vehicle id="veh343" depart="343.00">
        <route edges="B2A2 A2A1 A1A2 A2B2"/>
    </vehicle>
    <vehicle id="veh344" depart="344.00">
        <route edges="A2A1 A1B1 B1B2 B2C2"/>
    </vehicle>
    <vehicle id="veh345" depart="345.00">
        <route edges="B2C2 C2C1 C1B1 B1A1"/>
    </vehicle>
    <vehicle id="veh346" depart="346.00">
        <route edges="B2C2 C2C1 C1C2 C2B2"/>
    </vehicle>
    <vehicle id="veh347" depart="347.00">
        <route edges="C0C1 C1C2 C2B2 B2B1"/>
    </vehicle>
    <vehicle id="veh348" depart="348.00">
        <route edges="B2B1 B1C1 C1C2 C2B2"/>
    </vehicle>
    <vehicle id="veh349" depart="349.00">
        <route edges="B1A1 A1B1 B1C1"/>
    </vehicle>
    <vehicle id="veh350" depart="350.00">
        <route edges="B2B1 B1C1 C1C2"/>
    </vehicle>
    <vehicle id="veh351" depart="351.00">
        <route edges="C1B1 B1A1 A1A0 A0B0"/>
    </vehicle>
    <vehicle id="veh352" depart="352.00">
        <route edges="A1A2 A2B2 B2B1 B1B0 B0A0"/>
    </vehicle>
    <vehicle id="veh353" depart="353.00">
        <route edges="C0B0 B0B1 B1C1"/>
    </vehicle>
    <vehicle id="veh354" depart="354.00">
        <route edges="A2B2 B2B1 B1A1 A1A0"/>
    </vehicle>
    <vehicle id="veh355" depart="355.00">
        <route edges="B2C2"/>
    </vehicle>
    <vehicle id="veh356" depart="356.00">
        <route edges="C2B2 B2B1 B1B2"/>
    </vehicle>
    <vehicle id="veh357" depart="357.00">
        <route edges="B1B0 B0A0 A0A1 A1A0 A0B0"/>
    </vehicle>
    <vehicle id="veh358" depart="358.00">
        <route edges="A0A1 A1B1 B1A1"/>
    </vehicle>
    <vehicle id="veh359" depart="359.00">
        <route edges="B0A0 A0A1 A1A2 A2B2"/>
    </vehicle>
    <vehicle id="veh360" depart="360.00">
        <route edges="A1A0 A0B0 B0B1 B1B2 B2C2 C2C1"/>
    </vehicle>
    <vehicle id="veh361" depart="361.00">
        <route edges="C1C0 C0B0 B0B1 B1C1"/>
    </vehicle>
    <vehicle id="veh362" depart="362.00">
        <route edges="C2B2 B2C2 C2C1"/>
    </vehicle>
    <vehicle id="veh363" depart="363.00">
        <route edges="B2C2 C2C1 C1B1 B1A1 A1A2 A2B2"/>
    </vehicle>
    <vehicle id="veh364" depart="364.00">
        <route edges="A0A1 A1B1 B1B0 B0C0 C0C1"/>
    </vehicle>
    <vehicle id="veh365" depart="365.00">
        <route edges="B1B0 B0B1 B1B2 B2B1"/>
    </vehicle>
    <vehicle id="veh366" depart="366.00">
        <route edges="C1C2 C2B2 B2A2 A2A1 A1B1"/>
    </vehicle>
    <vehicle id="veh367" depart="367.00">
        <route edges="B2A2 A2A1 A1A2 A2B2 B2B1"/>
    </vehicle>
    <vehicle id="veh368" depart="368.00">
        <route edges="B1B0 B0A0 A0A1 A1A0"/>
    </vehicle>
    <vehicle id="veh369" depart="369.00">
        <route edges="B0B1 B1B0 B0A0"/>
    </vehicle>
    <vehicle id="veh370" depart="370.00">
        <route edges="B2C2 C2C1 C1C0"/>
    </vehicle>
    <vehicle id="veh371" depart="371.00">
        <route edges="B0A0 A0A1 A1A2 A2B2 B2C2"/>
    </vehicle>
    <vehicle id="veh372" depart="372.00">
        <route edges="A2B2 B2B1 B1C1 C1C2 C2B2"/>
    </vehicle>
    <vehicle id="veh373" depart="373.00">
        <route edges="C1B1 B1C1"/>
    </vehicle>
    <vehicle id="veh374" depart="374.00">
        <route edges="B1A1 A1B1 B1B0 B0A0"/>
    </vehicle>
    <vehicle id="veh375" depart="375.00">
        <route edges="B0A0 A0A1 A1A2 A2B2 B2C2 C2C1"/>
    </vehicle>
    <vehicle id="veh376" depart="376.00">
        <route edges="B0C0 C0C1 C1B1 B1B2"/>
    </vehicle>
    <vehicle id="veh377" depart="377.00">
        <route edges="C2C1 C1B1 B1B2 B2B1"/>
    </vehicle>
    <vehicle id="veh378" depart="378.00">
        <route edges="B1C1 C1C0 C0B0 B0C0"/>
    </vehicle>
    <vehicle id="veh379" depart="379.00">
        <route edges="A1B1 B1B0 B0B1"/>
    </vehicle>
    <vehicle id="veh380" depart="380.00">
        <route edges="C0C1 C1C2 C2B2 B2B1"/>
    </vehicle>
    <vehicle id="veh381" depart="381.00">
        <route edges="C0C1 C1B1 B1A1 A1B1"/>
    </vehicle>
    <vehicle id="veh382" depart="382.00">
        <route edges="B1C1 C1C2 C2B2"/>
    </vehicle>
    <vehicle id="veh383" depart="383.00">
        <route edges="B1A1 A1A2 A2B2 B2C2"/>
    </vehicle>
    <vehicle id="veh384" depart="384.00">
        <route edges="A1A0 A0B0 B0B1 B1B2 B2C2 C2C1"/>
    </vehicle>
    <vehicle id="veh385" depart="385.00">
        <route edges="B2A2 A2A1"/>
    </vehicle>
    <vehicle id="veh386" depart="386.00">
        <route edges="A1A2 A2B2 B2B1 B1C1"/>
    </vehicle>
    <vehicle id="veh387" depart="387.00">
        <route edges="B1C1 C1B1 B1A1 A1A0"/>
    </vehicle>
    <vehicle id="veh388" depart="388.00">
        <route edges="C2C1 C1C2"/>
    </vehicle>
    <vehicle id="veh389" depart="389.00">
        <route edges="B1B0 B0A0 A0A1 A1A0"/>
    </vehicle>
    <vehicle id="veh390" depart="390.00">
        <route edges="C1B1 B1B0"/>
    </vehicle>
    <vehicle id="veh391" depart="391.00">
        <route edges="C0B0 B0B1 B1B2"/>
    </vehicle>
    <vehicle id="veh392" depart="392.00">
        <route edges="A2B2 B2C2 C2C1 C1C0"/>
    </vehicle>
    <vehicle id="veh393" depart="393.00">
        <route edges="C2C1 C1B1 B1B2 B2A2 A2A1"/>
    </vehicle>
    <vehicle id="veh394" depart="394.00">
        <route edges="B1C1 C1C0 C0B0 B0C0"/>
    </vehicle>
    <vehicle id="veh395" depart="395.00">
        <route edges="C2B2 B2B1 B1B2"/>
    </vehicle>
    <vehicle id="veh396" depart="396.00">
        <route edges="C1C2 C2B2 B2B1 B1C1 C1C0"/>
    </vehicle>
    <vehicle id="veh397" depart="397.00">
        <route edges="A2B2 B2B1 B1B0 B0C0 C0C1"/>
    </vehicle>
    <vehicle id="veh398" depart="398.00">
        <route edges="B0C0 C0C1 C1C2 C2B2"/>
    </vehicle>
    <vehicle id="veh399" depart="399.00">
        <route edges="B1B2 B2C2 C2C1 C1B1"/>
    </vehicle>
    <vehicle id="veh400" depart="400.00">
        <route edges="A2B2 B2B1 B1B0 B0A0"/>
    </vehicle>
    <vehicle id="veh401" depart="401.00">
        <route edges="B2A2 A2A1 A1B1 B1B2 B2C2 C2C1"/>
    </vehicle>
    <vehicle id="veh402" depart="402.00">
        <route edges="B1B0 B0A0 A0A1 A1A2"/>
    </vehicle>
    <vehicle id="veh403" depart="403.00">
        <route edges="B1B2 B2B1 B1B0 B0B1"/>
    </vehicle>
    <vehicle id="veh404" depart="404.00">
        <route edges="B1C1"/>
    </vehicle>
    <vehicle id="veh405" depart="405.00">
        <route edges="B1A1 A1B1 B1B0 B0A0"/>
    </vehicle>
    <vehicle id="veh406" depart="406.00">
        <route edges="A1B1 B1B2 B2C2"/>
    </vehicle>
    <vehicle id="veh407" depart="407.00">
        <route edges="B1C1 C1C2 C2B2 B2A2 A2A1"/>
    </vehicle>
    <vehicle id="veh408" depart="408.00">
        <route edges="C0C1 C1B1 B1A1 A1A0 A0B0"/>
    </vehicle>
    <vehicle id="veh409" depart="409.00">
        <route edges="C0B0 B0B1 B1B2 B2C2"/>
    </vehicle>
    <vehicle id="veh410" depart="410.00">
        <route edges="C1B1 B1B0 B0C0"/>
    </vehicle>
    <vehicle id="veh411" depart="411.00">
        <route edges="B2B1 B1C1 C1B1"/>
    </vehicle>
    <vehicle id="veh412" depart="412.00">
        <route edges="C2C1 C1B1 B1B0"/>
    </vehicle>
    <vehicle id="veh413" depart="413.00">
        <route edges="A0A1 A1B1 B1B2"/>
    </vehicle>
    <vehicle id="veh414" depart="414.00">
        <route edges="B2A2 A2A1 A1B1 B1C1 C1C0"/>
    </vehicle>
    <vehicle id="veh415" depart="415.00">
        <route edges="C1C0 C0B0 B0B1 B1A1"/>
    </vehicle>
    <vehicle id="veh416" depart="416.00">
        <route edges="B1B2 B2B1 B1A1"/>
    </vehicle>
    <vehicle id="veh417" depart="417.00">
        <route edges="C0B0 B0C0"/>
    </vehicle>
    <vehicle id="veh418" depart="418.00">
        <route edges="B2B1 B1A1 A1A2"/>
    </vehicle>
    <vehicle id="veh419" depart="419.00">
        <route edges="B1B0 B0B1 B1B2 B2C2 C2C1"/>
    </vehicle>
    <vehicle id="veh420" depart="420.00">
        <route edges="B0B1 B1B2 B2C2"/>
    </vehicle>
    <vehicle id="veh421" depart="421.00">
        <route edges="B2B1 B1C1 C1C0"/>
    </vehicle>
    <vehicle id="veh422" depart="422.00">
        <route edges="C1C0"/>
    </vehicle>
    <vehicle id="veh423" depart="423.00">
        <route edges="B0C0 C0C1 C1B1 B1B0 B0A0"/>
    </vehicle>
    <vehicle id="veh424" depart="424.00">
        <route edges="C0B0 B0C0 C0C1"/>
    </vehicle>
    <vehicle id="veh425" depart="425.00">
        <route edges="C1C0 C0B0 B0A0 A0A1"/>
    </vehicle>
    <vehicle id="veh426" depart="426.00">
        <route edges="A0B0 B0B1 B1B2 B2B1"/>
    </vehicle>
    <vehicle id="veh427" depart="427.00">
        <route edges="C2B2 B2C2 C2C1"/>
    </vehicle>
    <vehicle id="veh428" depart="428.00">
        <route edges="C0B0 B0B1 B1A1"/>
    </vehicle>
    <vehicle id="veh429" depart="429.00">
        <route edges="A1A0 A0B0 B0B1 B1B2 B2B1"/>
    </vehicle>
    <vehicle id="veh430" depart="430.00">
        <route edges="C1C0 C0B0 B0B1 B1A1"/>
    </vehicle>
    <vehicle id="veh431" depart="431.00">
        <route edges="B2C2 C2C1 C1C2"/>
    </vehicle>
    <vehicle id="veh432" depart="432.00">
        <route edges="A0B0 B0C0 C0C1 C1B1"/>
    </vehicle>
    <vehicle id="veh433" depart="433.00">
        <route edges="B0A0 A0A1 A1B1 B1B0 B0B1"/>
    </vehicle>
    <vehicle id="veh434" depart="434.00">
        <route edges="A1A2 A2B2 B2B1 B1B2"/>
    </vehicle>
    <vehicle id="veh435" depart="435.00">
        <route edges="B1C1 C1B1"/>
    </vehicle>
    <vehicle id="veh436" depart="436.00">
        <route edges="A1B1 B1A1 A1A0 A0B0"/>
    </vehicle>
    <vehicle id="veh437" depart="437.00">
        <route edges="C1C0 C0B0 B0B1 B1B2 B2A2"/>
    </vehicle>
    <vehicle id="veh438" depart="438.00">
        <route edges="A2A1 A1B1 B1C1 C1C2"/>
    </vehicle>
    <vehicle id="veh439" depart="439.00">
        <route edges="A1A2 A2B2 B2B1 B1B0"/>
    </vehicle>
    <vehicle id="veh440" depart="440.00">
        <route edges="A2B2"/>
    </vehicle>
    <vehicle id="veh441" depart="441.00">
        <route edges="A0A1 A1B1 B1C1 C1B1"/>
    </vehicle>
    <vehicle id="veh442" depart="442.00">
        <route edges="C1C2 C2B2 B2C2"/>
    </vehicle>
    <vehicle id="veh443" depart="443.00">
        <route edges="A1A2 A2B2 B2B1 B1A1"/>
    </vehicle>
    <vehicle id="veh444" depart="444.00">
        <route edges="B0B1 B1B2 B2A2"/>
    </vehicle>
    <vehicle id="veh445" depart="445.00">
        <route edges="B2B1 B1A1"/>
    </vehicle>
    <vehicle id="veh446" depart="446.00">
        <route edges="A2B2 B2C2 C2C1 C1C0"/>
    </vehicle>
    <vehicle id="veh447" depart="447.00">
        <route edges="A1B1 B1B0 B0C0"/>
    </vehicle>
    <vehicle id="veh448" depart="448.00">
        <route edges="B1B0 B0B1 B1B2 B2A2 A2A1"/>
    </vehicle>
    <vehicle id="veh449" depart="449.00">
        <route edges="B1C1"/>
    </vehicle>
    <vehicle id="veh450" depart="450.00">
        <route edges="C2C1 C1C0 C0B0 B0A0"/>
    </vehicle>
    <vehicle id="veh451" depart="451.00">
        <route edges="C2C1 C1B1 B1B2 B2B1"/>
    </vehicle>
    <vehicle id="veh452" depart="452.00">
        <route edges="A2B2 B2B1 B1C1"/>
    </vehicle>
    <vehicle id="veh453" depart="453.00">
        <route edges="B2C2 C2C1 C1C0 C0B0"/>
    </vehicle>
    <vehicle id="veh454" depart="454.00">
        <route edges="A0B0 B0B1 B1B2 B2A2"/>
    </vehicle>
    <vehicle id="veh455" depart="455.00">
        <route edges="B1B0 B0C0 C0C1 C1C2"/>
    </vehicle>
    <vehicle id="veh456" depart="456.00">
        <route edges="A2B2 B2C2 C2C1 C1B1"/>
    </vehicle>
    <vehicle id="veh457" depart="457.00">
        <route edges="B2A2 A2A1 A1A0 A0B0 B0B1"/>
    </vehicle>
    <vehicle id="veh458" depart="458.00">
        <route edges="B2B1 B1B2 B2A2"/>
    </vehicle>
    <vehicle id="veh459" depart="459.00">
        <route edges="B2C2 C2C1 C1C0 C0B0"/>
    </vehicle>
    <vehicle id="veh460" depart="460.00">
        <route edges="B2B1 B1C1 C1C0"/>
    </vehicle>
    <vehicle id="veh461" depart="461.00">
        <route edges="B2B1 B1C1 C1C2"/>
    </vehicle>
    <vehicle id="veh462" depart="462.00">
        <route edges="B2B1 B1B0 B0A0"/>
    </vehicle>
    <vehicle id="veh463" depart="463.00">
        <route edges="B1A1 A1B1 B1C1"/>
    </vehicle>
    <vehicle id="veh464" depart="464.00">
        <route edges="C0B0 B0B1 B1A1 A1A0"/>
    </vehicle>
    <vehicle id="veh465" depart="465.00">
        <route edges="B0A0 A0A1 A1B1 B1C1 C1C0 C0B0"/>
    </vehicle>
    <vehicle id="veh466" depart="466.00">
        <route edges="A1B1 B1A1 A1A2"/>
    </vehicle>
    <vehicle id="veh467" depart="467.00">
        <route edges="B1B2 B2C2 C2C1"/>
    </vehicle>
    <vehicle id="veh468" depart="468.00">
        <route edges="B1B2 B2C2 C2C1 C1C2"/>
    </vehicle>
    <vehicle id="veh469" depart="469.00">
        <route edges="C1B1 B1A1 A1A2 A2B2"/>
    </vehicle>
    <vehicle id="veh470" depart="470.00">
        <route edges="C1B1 B1B0"/>
    </vehicle>
    <vehicle id="veh471" depart="471.00">
        <route edges="C1B1 B1C1 C1C0 C0B0"/>
    </vehicle>
    <vehicle id="veh472" depart="472.00">
        <route edges="B0B1 B1A1 A1A0"/>
    </vehicle>
    <vehicle id="veh473" depart="473.00">
        <route edges="C2C1 C1B1 B1A1 A1A2"/>
    </vehicle>
    <vehicle id="veh474" depart="474.00">
        <route edges="C2C1 C1C0"/>
    </vehicle>
    <vehicle id="veh475" depart="475.00">
        <route edges="C0B0 B0B1 B1B2 B2C2 C2C1"/>
    </vehicle>
    <vehicle id="veh476" depart="476.00">
        <route edges="C2C1 C1B1"/>
    </vehicle>
    <vehicle id="veh477" depart="477.00">
        <route edges="B0B1 B1B0 B0C0 C0C1"/>
    </vehicle>
    <vehicle id="veh478" depart="478.00">
        <route edges="A0A1 A1B1 B1B2"/>
    </vehicle>
    <vehicle id="veh479" depart="479.00">
        <route edges="B1A1 A1A2 A2B2 B2C2"/>
    </vehicle>
    <vehicle id="veh480" depart="480.00">
        <route edges="B2C2 C2C1 C1B1 B1B2 B2A2"/>
    </vehicle>
    <vehicle id="veh481" depart="481.00">
        <route edges="C1B1 B1C1 C1C2 C2B2"/>
    </vehicle>
    <vehicle id="veh482" depart="482.00">
        <route edges="A1A0 A0B0 B0B1 B1B2 B2A2 A2A1"/>
    </vehicle>
    <vehicle id="veh483" depart="483.00">
        <route edges="A0A1 A1B1 B1C1 C1C2"/>
    </vehicle>
    <vehicle id="veh484" depart="484.00">
        <route edges="B1C1 C1C2"/>
    </vehicle>
    <vehicle id="veh485" depart="485.00">
        <route edges="A2A1 A1A0 A0B0"/>
    </vehicle>
    <vehicle id="veh486" depart="486.00">
        <route edges="C1B1 B1C1 C1C2"/>
    </vehicle>
    <vehicle id="veh487" depart="487.00">
        <route edges="B0A0 A0A1 A1B1 B1B0 B0C0"/>
    </vehicle>
    <vehicle id="veh488" depart="488.00">
        <route edges="A1A2 A2B2 B2B1 B1C1 C1C2 C2B2"/>
    </vehicle>
    <vehicle id="veh489" depart="489.00">
        <route edges="B0A0 A0A1 A1B1 B1B0"/>
    </vehicle>
    <vehicle id="veh490" depart="490.00">
        <route edges="A1A0 A0B0 B0C0 C0C1 C1C2"/>
    </vehicle>
    <vehicle id="veh491" depart="491.00">
        <route edges="A1A2 A2B2 B2B1 B1A1"/>
    </vehicle>
    <vehicle id="veh492" depart="492.00">
        <route edges="B2C2 C2C1 C1C0 C0B0"/>
    </vehicle>
    <vehicle id="veh493" depart="493.00">
        <route edges="C2B2 B2B1 B1A1"/>
    </vehicle>
    <vehicle id="veh494" depart="494.00">
        <route edges="C0B0 B0A0 A0A1 A1A2"/>
    </vehicle>
    <vehicle id="veh495" depart="495.00">
        <route edges="B0C0 C0C1 C1B1 B1A1 A1A0"/>
    </vehicle>
    <vehicle id="veh496" depart="496.00">
        <route edges="B1B0 B0C0"/>
    </vehicle>
    <vehicle id="veh497" depart="497.00">
        <route edges="C2B2 B2B1 B1B0 B0A0 A0A1"/>
    </vehicle>
    <vehicle id="veh498" depart="498.00">
        <route edges="B0B1 B1A1"/>
    </vehicle>
    <vehicle id="veh499" depart="499.00">
        <route edges="C2B2 B2B1 B1C1 C1C0"/>
    </vehicle>
    <vehicle id="veh500" depart="500.00">
        <route edges="A1A0 A0B0 B0B1 B1B2 B2C2"/>
    </vehicle>
    <vehicle id="veh501" depart="501.00">
        <route edges="B1C1 C1B1 B1B2 B2C2 C2C1"/>
    </vehicle>
    <vehicle id="veh502" depart="502.00">
        <route edges="B0B1 B1B0 B0C0"/>
    </vehicle>
    <vehicle id="veh503" depart="503.00">
        <route edges="A1B1 B1A1 A1A0"/>
    </vehicle>
    <vehicle id="veh504" depart="504.00">
        <route edges="C1C0 C0B0 B0B1 B1A1"/>
    </vehicle>
    <vehicle id="veh505" depart="505.00">
        <route edges="B2B1"/>
    </vehicle>
    <vehicle id="veh506" depart="506.00">
        <route edges="B2A2 A2A1 A1B1 B1B0 B0A0 A0A1"/>
    </vehicle>
    <vehicle id="veh507" depart="507.00">
        <route edges="C0C1 C1C2 C2B2 B2A2 A2A1"/>
    </vehicle>
    <vehicle id="veh508" depart="508.00">
        <route edges="A1A2 A2B2 B2B1 B1C1"/>
    </vehicle>
    <vehicle id="veh509" depart="509.00">
        <route edges="A0B0 B0C0 C0C1"/>
    </vehicle>
    <vehicle id="veh510" depart="510.00">
        <route edges="A1B1 B1B2 B2A2 A2A1"/>
    </vehicle>
    <vehicle id="veh511" depart="511.00">
        <route edges="C1C0 C0B0 B0A0"/>
    </vehicle>
    <vehicle id="veh512" depart="512.00">
        <route edges="A1A2 A2B2 B2B1 B1C1 C1C2"/>
    </vehicle>
    <vehicle id="veh513" depart="513.00">
        <route edges="A0A1 A1B1 B1C1 C1C0"/>
    </vehicle>
    <vehicle id="veh514" depart="514.00">
        <route edges="A1A2"/>
    </vehicle>
    <vehicle id="veh515" depart="515.00">
        <route edges="A2B2 B2B1 B1A1 A1B1"/>
    </vehicle>
    <vehicle id="veh516" depart="516.00">
        <route edges="B2B1 B1B0 B0A0 A0A1"/>
    </vehicle>
    <vehicle id="veh517" depart="517.00">
        <route edges="A0A1 A1B1 B1B0 B0C0 C0C1"/>
    </vehicle>
    <vehicle id="veh518" depart="518.00">
        <route edges="A2A1 A1B1 B1B0 B0A0"/>
    </vehicle>
    <vehicle id="veh519" depart="519.00">
        <route edges="A1B1 B1A1 A1A0 A0B0"/>
    </vehicle>
    <vehicle id="veh520" depart="520.00">
        <route edges="C0B0 B0B1 B1B2"/>
    </vehicle>
    <vehicle id="veh521" depart="521.00">
        <route edges="C0B0 B0B1 B1B0"/>
    </vehicle>
    <vehicle id="veh522" depart="522.00">
        <route edges="C0C1 C1B1 B1B2"/>
    </vehicle>
    <vehicle id="veh523" depart="523.00">
        <route edges="A1A0 A0B0 B0B1 B1B2"/>
    </vehicle>
    <vehicle id="veh524" depart="524.00">
        <route edges="C2B2 B2A2 A2A1 A1A0 A0B0"/>
    </vehicle>
    <vehicle id="veh525" depart="525.00">
        <route edges="C0C1 C1C0"/>
    </vehicle>
    <vehicle id="veh526" depart="526.00">
        <route edges="B1B2 B2B1 B1A1"/>
    </vehicle>
    <vehicle id="veh527" depart="527.00">
        <route edges="C2C1 C1B1 B1A1 A1A0 A0B0"/>
    </vehicle>
    <vehicle id="veh528" depart="528.00">
        <route edges="B1B0 B0C0"/>
    </vehicle>
    <vehicle id="veh529" depart="529.00">
        <route edges="B2C2 C2C1 C1B1 B1B0"/>
    </vehicle>
    <vehicle id="veh530" depart="530.00">
        <route edges="C1C2 C2B2 B2A2 A2A1 A1A0 A0B0"/>
    </vehicle>
    <vehicle id="veh531" depart="531.00">
        <route edges="A0B0 B0B1 B1B2 B2A2"/>
    </vehicle>
    <vehicle id="veh532" depart="532.00">
        <route edges="A0B0 B0B1 B1A1 A1A2 A2B2"/>
    </vehicle>
    <vehicle id="veh533" depart="533.00">
        <route edges="B2B1 B1C1"/>
    </vehicle>
    <vehicle id="veh534" depart="534.00">
        <route edges="B0A0 A0A1 A1A2 A2B2 B2C2 C2C1"/>
    </vehicle>
    <vehicle id="veh535" depart="535.00">
        <route edges="B1B2 B2B1 B1A1"/>
    </vehicle>
    <vehicle id="veh536" depart="536.00">
        <route edges="B2A2 A2A1 A1A0"/>
    </vehicle>
    <vehicle id="veh537" depart="537.00">
        <route edges="B2C2 C2C1 C1C0"/>
    </vehicle>
    <vehicle id="veh538" depart="538.00">
        <route edges="B2B1 B1B0 B0C0 C0C1"/>
    </vehicle>
    <vehicle id="veh539" depart="539.00">
        <route edges="C0B0 B0B1 B1B2 B2A2 A2A1"/>
    </vehicle>
    <vehicle id="veh540" depart="540.00">
        <route edges="B1A1 A1A2 A2B2 B2A2 A2A1"/>
    </vehicle>
    <vehicle id="veh541" depart="541.00">
        <route edges="B0B1 B1A1"/>
    </vehicle>
    <vehicle id="veh542" depart="542.00">
        <route edges="B0C0 C0C1 C1B1 B1A1 A1A0"/>
    </vehicle>
    <vehicle id="veh543" depart="543.00">
        <route edges="B1A1 A1A2 A2B2 B2B1"/>
    </vehicle>
    <vehicle id="veh544" depart="544.00">
        <route edges="B0B1 B1A1 A1A2"/>
    </vehicle>
    <vehicle id="veh545" depart="545.00">
        <route edges="C2B2 B2A2 A2A1 A1A0 A0B0"/>
    </vehicle>
    <vehicle id="veh546" depart="546.00">
        <route edges="C1B1 B1A1 A1A0"/>
    </vehicle>
    <vehicle id="veh547" depart="547.00">
        <route edges="A1A0 A0B0 B0B1 B1C1 C1C0 C0B0"/>
    </vehicle>
    <vehicle id="veh548" depart="548.00">
        <route edges="C1B1 B1C1"/>
    </vehicle>
    <vehicle id="veh549" depart="549.00">
        <route edges="B2A2 A2A1 A1B1 B1C1"/>
    </vehicle>
    <vehicle id="veh550" depart="550.00">
        <route edges="B0A0 A0A1 A1A0"/>
    </vehicle>
    <vehicle id="veh551" depart="551.00">
        <route edges="B0B1 B1B2 B2B1"/>
    </vehicle>
    <vehicle id="veh552" depart="552.00">
        <route edges="C0C1 C1C0"/>
    </vehicle>
    <vehicle id="veh553" depart="553.00">
        <route edges="C0B0 B0B1 B1B2 B2C2 C2C1"/>
    </vehicle>
    <vehicle id="veh554" depart="554.00">
        <route edges="B2A2 A2A1 A1A0 A0B0 B0B1"/>
    </vehicle>
    <vehicle id="veh555" depart="555.00">
        <route edges="B1C1 C1C2 C2B2 B2A2 A2A1"/>
    </vehicle>
    <vehicle id="veh556" depart="556.00">
        <route edges="B2B1 B1B2 B2A2 A2A1"/>
    </vehicle>
    <vehicle id="veh557" depart="557.00">
        <route edges="A1A0 A0B0 B0B1 B1C1 C1C0"/>
    </vehicle>
    <vehicle id="veh558" depart="558.00">
        <route edges="B0B1 B1B0 B0C0 C0C1"/>
    </vehicle>
    <vehicle id="veh559" depart="559.00">
        <route edges="B1C1 C1B1"/>
    </vehicle>
    <vehicle id="veh560" depart="560.00">
        <route edges="C1C0 C0B0 B0B1 B1B2 B2C2 C2C1"/>
    </vehicle>
    <vehicle id="veh561" depart="561.00">
        <route edges="C1B1 B1B2 B2A2"/>
    </vehicle>
    <vehicle id="veh562" depart="562.00">
        <route edges="B2B1 B1B0 B0A0 A0A1"/>
    </vehicle>
    <vehicle id="veh563" depart="563.00">
        <route edges="C2B2 B2C2 C2C1 C1B1"/>
    </vehicle>
    <vehicle id="veh564" depart="564.00">
        <route edges="A2B2 B2B1 B1A1 A1B1"/>
    </vehicle>
    <vehicle id="veh565" depart="565.00">
        <route edges="B2C2 C2C1 C1C0 C0B0 B0A0"/>
    </vehicle>
    <vehicle id="veh566" depart="566.00">
        <route edges="B0B1 B1B0 B0A0 A0A1"/>
    </vehicle>
    <vehicle id="veh567" depart="567.00">
        <route edges="C1C0 C0B0 B0B1 B1C1"/>
    </vehicle>
    <vehicle id="veh568" depart="568.00">
        <route edges="B0C0 C0C1 C1B1 B1A1 A1A2"/>
    </vehicle>
    <vehicle id="veh569" depart="569.00">
        <route edges="B2B1 B1B0 B0A0 A0A1"/>
    </vehicle>
    <vehicle id="veh570" depart="570.00">
        <route edges="C0B0 B0B1 B1B2 B2A2 A2A1"/>
    </vehicle>
    <vehicle id="veh571" depart="571.00">
        <route edges="B1A1 A1A0 A0B0 B0B1"/>
    </vehicle>
    <vehicle id="veh572" depart="572.00">
        <route edges="B0B1 B1C1 C1C0 C0B0"/>
    </vehicle>
    <vehicle id="veh573" depart="573.00">
        <route edges="C0C1 C1B1 B1C1"/>
    </vehicle>
    <vehicle id="veh574" depart="574.00">
        <route edges="A1A0 A0B0"/>
    </vehicle>
    <vehicle id="veh575" depart="575.00">
        <route edges="A1A2 A2B2 B2A2"/>
    </vehicle>
    <vehicle id="veh576" depart="576.00">
        <route edges="B2C2 C2C1 C1B1 B1A1 A1A2 A2B2"/>
    </vehicle>
    <vehicle id="veh577" depart="577.00">
        <route edges="B2B1 B1B0"/>
    </vehicle>
    <vehicle id="veh578" depart="578.00">
        <route edges="B1A1 A1A2 A2B2"/>
    </vehicle>
    <vehicle id="veh579" depart="579.00">
        <route edges="C0C1 C1B1 B1A1 A1A0"/>
    </vehicle>
    <vehicle id="veh580" depart="580.00">
        <route edges="B1A1 A1A2 A2B2"/>
    </vehicle>
    <vehicle id="veh581" depart="581.00">
        <route edges="B2C2 C2C1 C1B1 B1B0"/>
    </vehicle>
    <vehicle id="veh582" depart="582.00">
        <route edges="B2C2 C2C1 C1B1 B1A1 A1A0 A0B0"/>
    </vehicle>
    <vehicle id="veh583" depart="583.00">
        <route edges="B0C0 C0C1 C1C2 C2B2 B2A2"/>
    </vehicle>
    <vehicle id="veh584" depart="584.00">
        <route edges="A0A1 A1B1 B1B0 B0A0"/>
    </vehicle>
    <vehicle id="veh585" depart="585.00">
        <route edges="A2A1 A1A2"/>
    </vehicle>
    <vehicle id="veh586" depart="586.00">
        <route edges="A2B2 B2B1 B1B0 B0A0"/>
    </vehicle>
    <vehicle id="veh587" depart="587.00">
        <route edges="A0A1 A1B1 B1C1 C1C0 C0B0"/>
    </vehicle>
    <vehicle id="veh588" depart="588.00">
        <route edges="A1B1 B1B0 B0C0"/>
    </vehicle>
    <vehicle id="veh589" depart="589.00">
        <route edges="B2C2 C2C1 C1B1 B1B2"/>
    </vehicle>
    <vehicle id="veh590" depart="590.00">
        <route edges="C1C0 C0B0 B0B1 B1C1 C1B1"/>
    </vehicle>
    <vehicle id="veh591" depart="591.00">
        <route edges="A0B0 B0B1 B1C1 C1C0"/>
    </vehicle>
    <vehicle id="veh592" depart="592.00">
        <route edges="A0B0 B0A0 A0A1"/>
    </vehicle>
    <vehicle id="veh593" depart="593.00">
        <route edges="C2B2 B2B1 B1C1 C1C0"/>
    </vehicle>
    <vehicle id="veh594" depart="594.00">
        <route edges="B1C1"/>
    </vehicle>
    <vehicle id="veh595" depart="595.00">
        <route edges="C0B0 B0B1 B1A1"/>
    </vehicle>
    <vehicle id="veh596" depart="596.00">
        <route edges="A1A0 A0B0 B0A0 A0A1"/>
    </vehicle>
    <vehicle id="veh597" depart="597.00">
        <route edges="B0A0 A0A1 A1B1 B1C1 C1B1"/>
    </vehicle>
    <vehicle id="veh598" depart="598.00">
        <route edges="B2A2 A2A1 A1B1 B1C1 C1B1"/>
    </vehicle>
    <vehicle id="veh599" depart="599.00">
        <route edges="C2B2 B2A2 A2A1 A1A0"/>
    </vehicle>
</routes>
